<?xml version="1.0" encoding="UTF-8"?>
<project-private xmlns="http://www.netbeans.org/ns/project-private/1">
    <editor-bookmarks xmlns="http://www.netbeans.org/ns/editor-bookmarks/2" lastBookmarkId="0"/>
    <open-files xmlns="http://www.netbeans.org/ns/projectui-open-files/2">
        <group>
            <file>file:/C:/java/estudos/Sistemas%20Armazenagem/Aplicativo%20Sistemas%20de%20Armazenagem/src/SistemasdeArmazenagem/ImperfeiçõesMontantesNãoContraventados.java</file>
            <file>file:/C:/java/estudos/Sistemas%20Armazenagem/Aplicativo%20Sistemas%20de%20Armazenagem/src/SistemasdeArmazenagem/SistemasPortaPaletes.java</file>
            <file>file:/C:/java/estudos/Sistemas%20Armazenagem/Aplicativo%20Sistemas%20de%20Armazenagem/src/SistemasdeArmazenagem/AnguloMaximoInclinaçaoDiagonais.java</file>
            <file>file:/C:/java/estudos/Sistemas%20Armazenagem/Aplicativo%20Sistemas%20de%20Armazenagem/src/SistemasdeArmazenagem/LarguraCorredor.java</file>
            <file>file:/C:/java/estudos/Sistemas%20Armazenagem/Aplicativo%20Sistemas%20de%20Armazenagem/src/SistemasdeArmazenagem/EstadosLimitesdeServiço.java</file>
            <file>file:/C:/java/estudos/Sistemas%20Armazenagem/Aplicativo%20Sistemas%20de%20Armazenagem/src/SistemasdeArmazenagem/Característicasdoaço.java</file>
        </group>
    </open-files>
</project-private>
